village,year,population,youth,internet,digital,remote,smart,roads,heritage
Берёзовка,1995,635,0.32,0.0,0.0,0.0,0.0,0.45,0.0
Берёзовка,1996,629,0.314,0.0,0.0,0.0,0.0,0.45,0.0
Берёзовка,1997,614,0.3067,0.0,0.0,0.0,0.0,0.45,0.0
Берёзовка,1998,597,0.3002,0.0,0.0,0.0,0.0,0.4501,0.0
Берёзовка,1999,584,0.2934,0.0,0.0,0.0,0.0,0.45,0.0
Берёзовка,2000,574,0.2863,0.0,0.0001,0.0,0.0,0.4504,0.0
Берёзовка,2001,569,0.2833,0.0001,0.0001,0.0,0.0,0.45,0.0
Берёзовка,2002,551,0.2765,0.0001,0.0002,0.0,0.0,0.4507,0.0
Берёзовка,2003,541,0.27,0.0002,0.0003,0.0,0.0,0.4507,0.0
Берёзовка,2004,526,0.2636,0.0004,0.0005,0.0,0.0,0.4504,0.0
Берёзовка,2005,513,0.2584,0.0008,0.0008,0.0,0.0,0.4525,0.0
Берёзовка,2006,505,0.2535,0.0015,0.0014,0.0,0.0,0.451,0.0001
Берёзовка,2007,492,0.2466,0.0028,0.0022,0.0,0.0001,0.4509,0.0001
Берёзовка,2008,482,0.2419,0.0052,0.0037,0.0,0.0001,0.4566,0.0002
Берёзовка,2009,476,0.2362,0.0097,0.006,0.0,0.0002,0.4899,0.0004
Берёзовка,2010,462,0.2308,0.0179,0.0099,0.0,0.0003,0.4615,0.0009
Берёзовка,2011,454,0.2253,0.0328,0.0162,0.0,0.0004,0.5096,0.0017
Берёзовка,2012,442,0.2184,0.0592,0.0264,0.0,0.0007,0.4593,0.0033
Берёзовка,2013,432,0.2126,0.1037,0.0427,0.0,0.0012,0.4985,0.0063
Берёзовка,2014,420,0.2076,0.1737,0.0683,0.0001,0.0019,0.5282,0.0121
Берёзовка,2015,413,0.2013,0.2719,0.1073,0.0002,0.003,0.5684,0.0227
Берёзовка,2016,403,0.1952,0.3899,0.1642,0.0008,0.0048,0.5644,0.0417
Берёзовка,2017,395,0.1899,0.5079,0.242,0.0029,0.0073,0.518,0.073
Берёзовка,2018,387,0.1829,0.6061,0.3398,0.0088,0.0108,0.5525,0.1187
Берёзовка,2019,377,0.1776,0.6761,0.45,0.0237,0.0151,0.5646,0.175
Берёзовка,2020,374,0.1752,0.7206,0.5602,0.0523,0.02,0.5798,0.2313
Берёзовка,2021,368,0.1716,0.747,0.658,0.0894,0.0249,0.5756,0.277
Берёзовка,2022,360,0.1683,0.7619,0.7358,0.1198,0.0292,0.5989,0.3083
Берёзовка,2023,354,0.1659,0.7701,0.7927,0.1369,0.0327,0.5956,0.3273
Берёзовка,2024,351,0.1638,0.7746,0.8317,0.1446,0.0352,0.5986,0.3379
Берёзовка,2025,347,0.1616,0.777,0.8573,0.1478,0.037,0.598,0.3437
Сосновка,1995,406,0.27,0.0,0.0,0.0,0.0,0.35,0.05
Сосновка,1996,403,0.2647,0.0,0.0,0.0,0.0,0.35,0.05
Сосновка,1997,392,0.2568,0.0,0.0,0.0,0.0,0.3501,0.05
Сосновка,1998,385,0.2524,0.0,0.0,0.0,0.0,0.35,0.05
Сосновка,1999,376,0.248,0.0,0.0,0.0,0.0,0.35,0.05
Сосновка,2000,365,0.2395,0.0,0.0,0.0,0.0,0.3503,0.05
Сосновка,2001,360,0.2329,0.0,0.0,0.0,0.0,0.3516,0.05
Сосновка,2002,353,0.2287,0.0,0.0,0.0,0.0,0.3522,0.05
Сосновка,2003,346,0.223,0.0,0.0,0.0,0.0,0.3506,0.05
Сосновка,2004,341,0.2182,0.0,0.0001,0.0,0.0,0.352,0.05
Сосновка,2005,331,0.2107,0.0001,0.0001,0.0,0.0,0.3564,0.05
Сосновка,2006,322,0.205,0.0001,0.0002,0.0,0.0,0.3551,0.05
Сосновка,2007,316,0.2006,0.0003,0.0003,0.0,0.0001,0.3639,0.05
Сосновка,2008,309,0.195,0.0005,0.0005,0.0,0.0001,0.356,0.05
Сосновка,2009,300,0.1897,0.0009,0.0008,0.0,0.0002,0.3551,0.05
Сосновка,2010,294,0.1839,0.0018,0.0014,0.0,0.0003,0.3661,0.05
Сосновка,2011,286,0.1794,0.0033,0.0022,0.0,0.0004,0.358,0.05
Сосновка,2012,280,0.175,0.0061,0.0037,0.0,0.0007,0.4012,0.05
Сосновка,2013,273,0.1693,0.0114,0.006,0.0,0.0012,0.407,0.05
Сосновка,2014,266,0.163,0.0211,0.0099,0.0,0.0019,0.4298,0.05
Сосновка,2015,261,0.1596,0.0386,0.0162,0.0,0.003,0.4002,0.05
Сосновка,2016,256,0.1525,0.0696,0.0264,0.0001,0.0048,0.4833,0.05
Сосновка,2017,247,0.1469,0.1219,0.0427,0.0004,0.0073,0.4386,0.05
Сосновка,2018,242,0.1406,0.2042,0.0683,0.0017,0.0108,0.4308,0.05
Сосновка,2019,236,0.1345,0.3197,0.1073,0.0064,0.0151,0.4869,0.05
Сосновка,2020,230,0.1312,0.4586,0.1642,0.0189,0.02,0.4912,0.05
Сосновка,2021,226,0.1267,0.5974,0.242,0.0405,0.0249,0.4945,0.05
Сосновка,2022,221,0.1232,0.7129,0.3398,0.0636,0.0292,0.4848,0.05
Сосновка,2023,215,0.1197,0.7952,0.45,0.0801,0.0327,0.4995,0.05
Сосновка,2024,212,0.1154,0.8475,0.5602,0.0897,0.0352,0.4996,0.05
Сосновка,2025,208,0.112,0.8785,0.658,0.0947,0.037,0.4999,0.05
Заречье,1995,1182,0.36,0.0001,0.0,0.0,0.0,0.85,0.0
Заречье,1996,1162,0.3537,0.0001,0.0,0.0,0.0,0.85,0.0
Заречье,1997,1139,0.3456,0.0003,0.0,0.0,0.0,0.8501,0.0
Заречье,1998,1111,0.338,0.0005,0.0001,0.0,0.0,0.85,0.0
Заречье,1999,1106,0.3321,0.001,0.0001,0.0,0.0,0.8501,0.0
Заречье,2000,1070,0.3246,0.0018,0.0002,0.0,0.0,0.8501,0.0
Заречье,2001,1056,0.3175,0.0034,0.0003,0.0,0.0001,0.85,0.0001
Заречье,2002,1045,0.3108,0.0063,0.0005,0.0,0.0001,0.8502,0.0001
Заречье,2003,1030,0.3073,0.0117,0.0008,0.0,0.0002,0.8502,0.0002
Заречье,2004,1017,0.2999,0.0217,0.0014,0.0,0.0004,0.8508,0.0004
Заречье,2005,993,0.2948,0.0397,0.0022,0.0,0.0006,0.8507,0.0009
Заречье,2006,974,0.2891,0.0716,0.0037,0.0,0.0011,0.8548,0.0017
Заречье,2007,949,0.2815,0.1255,0.006,0.0,0.0019,0.8749,0.0033
Заречье,2008,935,0.2747,0.2103,0.0099,0.0,0.0033,0.8596,0.0063
Заречье,2009,911,0.2693,0.3292,0.0162,0.0,0.0057,0.8597,0.0121
Заречье,2010,891,0.2629,0.4721,0.0264,0.0,0.0099,0.8898,0.0227
Заречье,2011,875,0.2574,0.615,0.0427,0.0,0.017,0.9029,0.0417
Заречье,2012,869,0.2507,0.7339,0.0683,0.0001,0.0293,0.8803,0.073
Заречье,2013,851,0.2441,0.8187,0.1073,0.0003,0.0498,0.8874,0.1187
Заречье,2014,836,0.2391,0.8726,0.1642,0.0008,0.0831,0.8898,0.175
Заречье,2015,821,0.2364,0.9045,0.242,0.0021,0.135,0.9881,0.2313
Заречье,2016,805,0.2347,0.9225,0.3398,0.0059,0.2105,0.9085,0.277
Заречье,2017,807,0.2308,0.9325,0.45,0.0159,0.3099,0.9805,0.3083
Заречье,2018,798,0.2295,0.9379,0.5602,0.0414,0.425,0.9899,0.3273
Заречье,2019,786,0.2303,0.9408,0.658,0.1,0.5401,0.9813,0.3379
Заречье,2020,784,0.2317,0.9424,0.7358,0.2072,0.6395,0.9979,0.3437
Заречье,2021,796,0.2338,0.9432,0.7927,0.342,0.715,0.9809,0.3467
Заречье,2022,793,0.2388,0.9437,0.8317,0.4494,0.7669,0.9916,0.3483
Заречье,2023,807,0.2437,0.9439,0.8573,0.5081,0.8002,0.999,0.3491
Заречье,2024,807,0.2493,0.944,0.8736,0.5338,0.8207,0.9999,0.3496
Заречье,2025,826,0.2578,0.9441,0.8838,0.5439,0.833,0.9992,0.3498
Ключи,1995,292,0.24,0.0,0.0,0.0,0.0,0.3,0.0
Ключи,1996,284,0.2353,0.0,0.0,0.0,0.0,0.3001,0.0
Ключи,1997,278,0.2294,0.0,0.0,0.0,0.0,0.3,0.0
Ключи,1998,270,0.2229,0.0,0.0,0.0,0.0,0.3001,0.0
Ключи,1999,265,0.2179,0.0,0.0,0.0,0.0,0.3,0.0
Ключи,2000,258,0.2124,0.0,0.0,0.0,0.0,0.3001,0.0
Ключи,2001,252,0.2095,0.0,0.0,0.0,0.0,0.3,0.0
Ключи,2002,248,0.2051,0.0,0.0,0.0,0.0,0.3013,0.0
Ключи,2003,242,0.2007,0.0,0.0,0.0,0.0,0.3001,0.0
Ключи,2004,236,0.1951,0.0,0.0,0.0,0.0,0.3017,0.0
Ключи,2005,233,0.1906,0.0,0.0,0.0,0.0,0.3071,0.0
Ключи,2006,226,0.185,0.0,0.0001,0.0,0.0,0.3006,0.0
Ключи,2007,220,0.1784,0.0001,0.0001,0.0,0.0001,0.3079,0.0
Ключи,2008,216,0.1728,0.0001,0.0002,0.0,0.0001,0.3066,0.0
Ключи,2009,210,0.166,0.0003,0.0003,0.0,0.0002,0.3455,0.0001
Ключи,2010,204,0.1604,0.0005,0.0005,0.0,0.0003,0.3182,0.0002
Ключи,2011,201,0.1554,0.0009,0.0008,0.0,0.0004,0.3268,0.0003
Ключи,2012,195,0.1526,0.0017,0.0014,0.0,0.0007,0.3196,0.0006
Ключи,2013,190,0.1486,0.0032,0.0022,0.0,0.0012,0.3975,0.0012
Ключи,2014,183,0.1426,0.0059,0.0037,0.0,0.0019,0.3361,0.0023
Ключи,2015,180,0.1372,0.0109,0.006,0.0,0.003,0.3576,0.0045
Ключи,2016,176,0.1318,0.0202,0.0099,0.0,0.0048,0.431,0.0086
Ключи,2017,170,0.1278,0.037,0.0162,0.0001,0.0073,0.4423,0.0162
Ключи,2018,166,0.1225,0.0667,0.0264,0.0003,0.0108,0.3792,0.0298
Ключи,2019,162,0.1175,0.1169,0.0427,0.0012,0.0151,0.4421,0.0522
Ключи,2020,157,0.1133,0.1958,0.0683,0.0042,0.02,0.4364,0.0848
Ключи,2021,154,0.1114,0.3065,0.1073,0.0109,0.0249,0.4338,0.125
Ключи,2022,151,0.1067,0.4396,0.1642,0.0204,0.0292,0.4468,0.1652
Ключи,2023,149,0.1016,0.5726,0.242,0.0301,0.0327,0.446,0.1978
Ключи,2024,144,0.0981,0.6834,0.3398,0.0377,0.0352,0.4496,0.2202
Ключи,2025,142,0.093,0.7623,0.45,0.0429,0.037,0.4494,0.2338
Красная Горка,1995,865,0.33,0.0,0.0,0.0,0.0,0.7,0.05
Красная Горка,1996,848,0.3235,0.0,0.0,0.0,0.0,0.7001,0.05
Красная Горка,1997,836,0.3173,0.0,0.0,0.0,0.0,0.7,0.05
Красная Горка,1998,818,0.3107,0.0001,0.0001,0.0,0.0,0.7003,0.05
Красная Горка,1999,802,0.3051,0.0001,0.0001,0.0,0.0,0.7001,0.05
Красная Горка,2000,792,0.2983,0.0002,0.0002,0.0,0.0,0.7001,0.05
Красная Горка,2001,773,0.2907,0.0004,0.0003,0.0,0.0,0.7011,0.05
Красная Горка,2002,765,0.2854,0.0008,0.0005,0.0,0.0,0.7001,0.05
Красная Горка,2003,748,0.2791,0.0015,0.0008,0.0,0.0,0.7003,0.05
Красная Горка,2004,735,0.2723,0.0027,0.0014,0.0,0.0001,0.7002,0.05
Красная Горка,2005,728,0.2661,0.0051,0.0022,0.0,0.0001,0.7017,0.05
Красная Горка,2006,713,0.2602,0.0094,0.0037,0.0,0.0002,0.7086,0.05
Красная Горка,2007,695,0.2566,0.0174,0.006,0.0,0.0003,0.7065,0.05
Красная Горка,2008,682,0.2504,0.032,0.0099,0.0,0.0005,0.703,0.05
Красная Горка,2009,665,0.2432,0.0576,0.0162,0.0,0.0009,0.7041,0.05
Красная Горка,2010,656,0.2387,0.101,0.0264,0.0,0.0015,0.7165,0.05
Красная Горка,2011,643,0.2341,0.1691,0.0427,0.0,0.0027,0.7446,0.05
Красная Горка,2012,629,0.2291,0.2648,0.0683,0.0,0.0047,0.7739,0.05
Красная Горка,2013,619,0.2229,0.3797,0.1073,0.0001,0.0081,0.7538,0.05
Красная Горка,2014,607,0.217,0.4946,0.1642,0.0002,0.014,0.7804,0.05
Красная Горка,2015,592,0.2133,0.5903,0.242,0.0008,0.0241,0.7896,0.05
Красная Горка,2016,589,0.2082,0.6584,0.3398,0.0024,0.041,0.811,0.05
Красная Горка,2017,574,0.2028,0.7018,0.45,0.0068,0.0684,0.835,0.05
Красная Горка,2018,560,0.1977,0.7274,0.5602,0.0182,0.1112,0.8451,0.05
Красная Горка,2019,552,0.1931,0.7419,0.658,0.0446,0.1734,0.8245,0.05
Красная Горка,2020,543,0.1901,0.7499,0.7358,0.0932,0.2552,0.8367,0.05
Красная Горка,2021,540,0.1887,0.7543,0.7927,0.1546,0.35,0.8275,0.05
Красная Горка,2022,535,0.1867,0.7566,0.8317,0.2037,0.4448,0.8477,0.05
Красная Горка,2023,533,0.1871,0.7579,0.8573,0.2306,0.5266,0.8495,0.05
Красная Горка,2024,531,0.1863,0.7586,0.8736,0.2424,0.5888,0.8498,0.05
Красная Горка,2025,525,0.1885,0.759,0.8838,0.2471,0.6316,0.8493,0.05
Липовка,1995,522,0.29,0.0,0.0,0.0,0.0,0.5001,0.0
Липовка,1996,509,0.2837,0.0,0.0,0.0,0.0,0.5,0.0
Липовка,1997,502,0.2773,0.0,0.0,0.0,0.0,0.5001,0.0
Липовка,1998,486,0.2732,0.0,0.0,0.0,0.0,0.5001,0.0001
Липовка,1999,481,0.2674,0.0,0.0,0.0,0.0,0.5,0.0001
Липовка,2000,469,0.262,0.0,0.0,0.0,0.0,0.5,0.0003
Липовка,2001,459,0.2571,0.0,0.0001,0.0,0.0,0.5,0.0005
Липовка,2002,450,0.2501,0.0001,0.0001,0.0,0.0,0.5001,0.001
Липовка,2003,439,0.2458,0.0001,0.0002,0.0,0.0,0.5028,0.002
Липовка,2004,433,0.2408,0.0003,0.0003,0.0,0.0,0.5006,0.0038
Липовка,2005,423,0.2344,0.0005,0.0005,0.0,0.0,0.5003,0.0075
Липовка,2006,413,0.2286,0.001,0.0008,0.0,0.0,0.5004,0.0144
Липовка,2007,403,0.2232,0.0018,0.0014,0.0,0.0001,0.5074,0.0276
Липовка,2008,398,0.2176,0.0033,0.0022,0.0,0.0001,0.5016,0.052
Липовка,2009,389,0.2135,0.0062,0.0037,0.0,0.0002,0.5091,0.0954
Липовка,2010,377,0.2078,0.0115,0.006,0.0,0.0003,0.5121,0.1669
Липовка,2011,369,0.2021,0.0213,0.0099,0.0,0.0004,0.5559,0.2714
Липовка,2012,363,0.1961,0.0391,0.0162,0.0,0.0007,0.5608,0.4
Липовка,2013,354,0.191,0.0704,0.0264,0.0,0.0012,0.5896,0.5286
Липовка,2014,350,0.1873,0.1235,0.0427,0.0001,0.0019,0.6272,0.6331
Липовка,2015,344,0.1823,0.2068,0.0683,0.0004,0.003,0.5825,0.7046
Липовка,2016,336,0.1791,0.3238,0.1073,0.0015,0.0048,0.6423,0.748
Липовка,2017,330,0.1763,0.4644,0.1642,0.0059,0.0073,0.6194,0.7724
Липовка,2018,326,0.1764,0.6049,0.242,0.0198,0.0108,0.6098,0.7856
Липовка,2019,322,0.1759,0.7219,0.3398,0.0567,0.0151,0.606,0.7925
Липовка,2020,315,0.1724,0.8052,0.45,0.1309,0.02,0.6436,0.7962
Липовка,2021,313,0.1704,0.8583,0.5602,0.2301,0.0249,0.6454,0.798
Липовка,2022,311,0.1687,0.8896,0.658,0.3133,0.0292,0.6474,0.799
Липовка,2023,309,0.1689,0.9074,0.7358,0.3612,0.0327,0.6476,0.7995
Липовка,2024,310,0.1696,0.9172,0.7927,0.3834,0.0352,0.6442,0.7997
Липовка,2025,310,0.1698,0.9225,0.8317,0.393,0.037,0.6498,0.7999
Светлое,1995,1428,0.38,0.0001,0.0,0.0,0.0,0.9,0.0
Светлое,1996,1398,0.37,0.0003,0.0,0.0,0.0,0.9001,0.0
Светлое,1997,1379,0.3637,0.0005,0.0,0.0,0.0,0.9002,0.0
Светлое,1998,1359,0.3573,0.0009,0.0001,0.0,0.0,0.9,0.0
Светлое,1999,1335,0.3505,0.0017,0.0001,0.0,0.0001,0.9003,0.0
Светлое,2000,1317,0.3412,0.0031,0.0002,0.0,0.0001,0.9007,0.0
Светлое,2001,1305,0.3368,0.0057,0.0003,0.0,0.0002,0.9007,0.0
Светлое,2002,1270,0.3278,0.0107,0.0005,0.0,0.0004,0.9003,0.0
Светлое,2003,1256,0.3219,0.0197,0.0008,0.0,0.0007,0.9001,0.0
Светлое,2004,1232,0.3127,0.0361,0.0014,0.0,0.0011,0.9002,0.0
Светлое,2005,1218,0.3045,0.0651,0.0022,0.0,0.002,0.9009,0.0
Светлое,2006,1198,0.2996,0.1141,0.0037,0.0,0.0035,0.9064,0.0
Светлое,2007,1178,0.2935,0.1911,0.006,0.0,0.006,0.9237,0.0001
Светлое,2008,1149,0.2868,0.2991,0.0099,0.0,0.0104,0.9059,0.0002
Светлое,2009,1134,0.2806,0.429,0.0162,0.0,0.0181,0.9116,0.0003
Светлое,2010,1108,0.2733,0.5588,0.0264,0.0,0.031,0.9413,0.0006
Светлое,2011,1090,0.2677,0.6669,0.0427,0.0,0.0527,0.9803,0.0011
Светлое,2012,1075,0.2623,0.7439,0.0683,0.0001,0.088,0.9398,0.0022
Светлое,2013,1051,0.2579,0.7928,0.1073,0.0003,0.143,0.9379,0.0042
Светлое,2014,1038,0.252,0.8218,0.1642,0.0009,0.2229,1.0,0.0081
Светлое,2015,1023,0.2471,0.8382,0.242,0.0024,0.3281,0.9526,0.0155
Светлое,2016,999,0.2433,0.8473,0.3398,0.0065,0.45,1.0,0.0292
Светлое,2017,985,0.2413,0.8522,0.45,0.0175,0.5719,1.0,0.0536
Светлое,2018,989,0.2392,0.8548,0.5602,0.0454,0.6771,1.0,0.0939
Светлое,2019,978,0.2394,0.8563,0.658,0.1092,0.757,1.0,0.1527
Светлое,2020,985,0.2412,0.857,0.7358,0.2263,0.812,1.0,0.225
Светлое,2021,982,0.2461,0.8575,0.7927,0.3733,0.8473,1.0,0.2973
Светлое,2022,993,0.2476,0.8577,0.8317,0.4904,0.869,1.0,0.3561
Светлое,2023,1010,0.2516,0.8578,0.8573,0.5544,0.8819,1.0,0.3964
Светлое,2024,1028,0.2596,0.8579,0.8736,0.5824,0.8896,1.0,0.4208
Светлое,2025,1046,0.266,0.8579,0.8838,0.5934,0.894,1.0,0.4345
Озёрки,1995,351,0.26,0.0,0.0,0.0,0.0,0.45,0.0
Озёрки,1996,343,0.2553,0.0,0.0,0.0,0.0,0.4501,0.0
Озёрки,1997,335,0.2499,0.0,0.0,0.0,0.0,0.4502,0.0
Озёрки,1998,328,0.2446,0.0,0.0,0.0,0.0,0.45,0.0
Озёрки,1999,322,0.2387,0.0,0.0,0.0,0.0,0.4501,0.0
Озёрки,2000,313,0.2339,0.0,0.0,0.0,0.0,0.4505,0.0
Озёрки,2001,308,0.2285,0.0,0.0,0.0,0.0,0.4501,0.0
Озёрки,2002,299,0.2215,0.0,0.0001,0.0,0.0,0.4501,0.0
Озёрки,2003,293,0.2168,0.0001,0.0001,0.0,0.0,0.4504,0.0
Озёрки,2004,285,0.2102,0.0001,0.0002,0.0,0.0,0.4506,0.0
Озёрки,2005,279,0.2065,0.0003,0.0003,0.0,0.0,0.453,0.0
Озёрки,2006,275,0.2005,0.0005,0.0005,0.0,0.0,0.4526,0.0
Озёрки,2007,268,0.1953,0.0009,0.0008,0.0,0.0001,0.4558,0.0
Озёрки,2008,260,0.1892,0.0017,0.0014,0.0,0.0001,0.4614,0.0
Озёрки,2009,255,0.1838,0.0031,0.0022,0.0,0.0002,0.4579,0.0001
Озёрки,2010,250,0.1793,0.0058,0.0037,0.0,0.0003,0.474,0.0001
Озёрки,2011,242,0.1719,0.0107,0.006,0.0,0.0004,0.4554,0.0002
Озёрки,2012,234,0.1684,0.0198,0.0099,0.0,0.0007,0.4584,0.0004
Озёрки,2013,231,0.1626,0.0362,0.0162,0.0,0.0012,0.5475,0.0008
Озёрки,2014,226,0.1581,0.0653,0.0264,0.0,0.0019,0.5069,0.0015
Озёрки,2015,217,0.1536,0.1145,0.0427,0.0001,0.003,0.5593,0.0029
Озёрки,2016,214,0.1469,0.1918,0.0683,0.0004,0.0048,0.5921,0.0056
Озёрки,2017,208,0.1411,0.3002,0.1073,0.0015,0.0073,0.5341,0.0108
Озёрки,2018,204,0.1367,0.4305,0.1642,0.0057,0.0108,0.597,0.0207
Озёрки,2019,199,0.1324,0.5609,0.242,0.0178,0.0151,0.5835,0.039
Озёрки,2020,192,0.1253,0.6693,0.3398,0.044,0.02,0.5886,0.0715
Озёрки,2021,189,0.122,0.7466,0.45,0.081,0.0249,0.5992,0.1252
Озёрки,2022,185,0.1194,0.7958,0.5602,0.1133,0.0292,0.5956,0.2035
Озёрки,2023,181,0.1178,0.8248,0.658,0.1328,0.0327,0.598,0.3
Озёрки,2024,178,0.1159,0.8413,0.7358,0.1423,0.0352,0.5998,0.3965
Озёрки,2025,177,0.112,0.8504,0.7927,0.1465,0.037,0.5999,0.4748
Каменка,1995,764,0.31,0.0,0.0,0.0,0.0,0.6,0.05
Каменка,1996,752,0.3003,0.0,0.0,0.0,0.0,0.6,0.05
Каменка,1997,738,0.2946,0.0,0.0,0.0,0.0,0.6,0.05
Каменка,1998,722,0.288,0.0,0.0001,0.0,0.0,0.6,0.05
Каменка,1999,709,0.2816,0.0001,0.0001,0.0,0.0,0.6002,0.05
Каменка,2000,692,0.2738,0.0001,0.0002,0.0,0.0,0.6004,0.05
Каменка,2001,679,0.2658,0.0003,0.0003,0.0,0.0,0.6001,0.05
Каменка,2002,673,0.2584,0.0005,0.0005,0.0,0.0,0.6003,0.05
Каменка,2003,658,0.2518,0.0009,0.0008,0.0,0.0,0.6001,0.05
Каменка,2004,639,0.2459,0.0016,0.0014,0.0,0.0,0.6035,0.05
Каменка,2005,627,0.2403,0.0031,0.0022,0.0,0.0,0.6011,0.05
Каменка,2006,610,0.2345,0.0057,0.0037,0.0,0.0,0.6083,0.05
Каменка,2007,602,0.228,0.0106,0.006,0.0,0.0001,0.6055,0.05
Каменка,2008,592,0.2234,0.0197,0.0099,0.0,0.0001,0.6017,0.05
Каменка,2009,579,0.2206,0.036,0.0162,0.0,0.0002,0.6078,0.05
Каменка,2010,567,0.2166,0.0649,0.0264,0.0,0.0003,0.61,0.05
Каменка,2011,554,0.2119,0.1138,0.0427,0.0,0.0006,0.631,0.05
Каменка,2012,546,0.205,0.1906,0.0683,0.0,0.001,0.649,0.05
Каменка,2013,528,0.1983,0.2984,0.1073,0.0,0.0017,0.6472,0.05
Каменка,2014,522,0.1923,0.4279,0.1642,0.0002,0.003,0.7095,0.05
Каменка,2015,505,0.1875,0.5575,0.242,0.0005,0.0052,0.6981,0.05
Каменка,2016,502,0.1819,0.6653,0.3398,0.0017,0.009,0.6685,0.05
Каменка,2017,486,0.1781,0.7421,0.45,0.0051,0.0155,0.7381,0.05
Каменка,2018,480,0.1739,0.791,0.5602,0.014,0.0263,0.7437,0.05
Каменка,2019,476,0.1704,0.8199,0.658,0.0349,0.044,0.7261,0.05
Каменка,2020,462,0.1664,0.8362,0.7358,0.0738,0.0715,0.7391,0.05
Каменка,2021,456,0.1633,0.8453,0.7927,0.1229,0.1114,0.7481,0.05
Каменка,2022,453,0.1643,0.8502,0.8317,0.1624,0.1641,0.7372,0.05
Каменка,2023,444,0.1622,0.8528,0.8573,0.1842,0.225,0.7477,0.05
Каменка,2024,442,0.1631,0.8542,0.8736,0.1938,0.2859,0.7487,0.05
Каменка,2025,438,0.1627,0.855,0.8838,0.1976,0.3386,0.7497,0.05
Ивановка,1995,229,0.22,0.0,0.0,0.0,0.0,0.25,0.05
Ивановка,1996,226,0.2157,0.0,0.0,0.0,0.0,0.25,0.05
Ивановка,1997,221,0.2114,0.0,0.0,0.0,0.0,0.25,0.05
Ивановка,1998,216,0.2046,0.0,0.0,0.0,0.0,0.25,0.05
Ивановка,1999,209,0.1995,0.0,0.0,0.0,0.0,0.2501,0.05
Ивановка,2000,206,0.196,0.0,0.0,0.0,0.0,0.2501,0.05
Ивановка,2001,199,0.1907,0.0,0.0,0.0,0.0,0.2515,0.05
Ивановка,2002,196,0.1862,0.0,0.0,0.0,0.0,0.252,0.05
Ивановка,2003,192,0.182,0.0,0.0,0.0,0.0,0.2503,0.05
Ивановка,2004,188,0.1775,0.0,0.0,0.0,0.0,0.2519,0.05
Ивановка,2005,183,0.1735,0.0,0.0,0.0,0.0,0.2508,0.05
Ивановка,2006,178,0.1685,0.0,0.0,0.0,0.0,0.2509,0.05
Ивановка,2007,173,0.1616,0.0,0.0001,0.0,0.0001,0.2567,0.05
Ивановка,2008,169,0.1559,0.0001,0.0001,0.0,0.0001,0.2719,0.05
Ивановка,2009,164,0.1482,0.0002,0.0002,0.0,0.0002,0.258,0.05
Ивановка,2010,158,0.1426,0.0003,0.0003,0.0,0.0003,0.2529,0.05
Ивановка,2011,157,0.1361,0.0005,0.0005,0.0,0.0004,0.2628,0.05
Ивановка,2012,151,0.1318,0.001,0.0008,0.0,0.0007,0.2597,0.05
Ивановка,2013,146,0.1293,0.0019,0.0014,0.0,0.0012,0.2808,0.05
Ивановка,2014,143,0.1251,0.0035,0.0022,0.0,0.0019,0.27,0.05
Ивановка,2015,140,0.12,0.0066,0.0037,0.0,0.003,0.28,0.05
Ивановка,2016,135,0.1132,0.0122,0.006,0.0,0.0048,0.2996,0.05
Ивановка,2017,132,0.1099,0.0226,0.0099,0.0,0.0073,0.3157,0.05
Ивановка,2018,129,0.1057,0.0414,0.0162,0.0002,0.0108,0.3941,0.05
Ивановка,2019,127,0.1012,0.0745,0.0264,0.0007,0.0151,0.3638,0.05
Ивановка,2020,123,0.0955,0.1307,0.0427,0.0025,0.02,0.389,0.05
Ивановка,2021,119,0.09,0.2188,0.0683,0.0069,0.0249,0.3911,0.05
Ивановка,2022,116,0.0855,0.3426,0.1073,0.0143,0.0292,0.3951,0.05
Ивановка,2023,113,0.0829,0.4913,0.1642,0.0231,0.0327,0.3982,0.05
Ивановка,2024,109,0.08,0.6401,0.242,0.0316,0.0352,0.3972,0.05
Ивановка,2025,106,0.08,0.7639,0.3398,0.0384,0.037,0.3966,0.05
